id,label,description,url,x,y,cluster,weight<Links>,weight<Total link strength>,weight<Citations>,weight<Norm. citations>,score<Pub. year>,score<Citations>,score<Norm. citations>
317,alhosseini (2019),"<table><tr><td>Authors:</td><td>alhosseini, seyed ali; bin tareaf, raad; najafi, pejman; meinel, christoph</td></tr><tr><td>Title:</td><td>detect me if you can: spam bot detection using inductive representation learning</td></tr><tr><td>Source:</td><td>companion of the world wide web conference (www 2019 ), 148-153</td></tr><tr><td>Year:</td><td>2019</td></tr></table>",https://doi.org/10.1145/3308560.3316504,0.3865,0.4605,1,76,151,5,493,2019,5,493
367,kumar (2021),"<table><tr><td>Authors:</td><td>kumar, sumeet; huang, binxuan; cox, ramon alfonso villa; carley, kathleen m.</td></tr><tr><td>Title:</td><td>an anatomical comparison of fake-news and trusted-news sharing pattern on twitter</td></tr><tr><td>Source:</td><td>computational and mathematical organization theory, 27(2), 109-133</td></tr><tr><td>Year:</td><td>2021</td></tr></table>",https://doi.org/10.1007/s10588-019-09305-5,-0.41,0.0798,1,80,140,5,2.0526,2021,5,2.0526
8,martini (2021),"<table><tr><td>Authors:</td><td>martini, franziska; samula, paul; keller, tobias r.; klinger, ulrike</td></tr><tr><td>Title:</td><td>bot, or not? comparing three methods for detecting social bots in five political discourses</td></tr><tr><td>Source:</td><td>big data & society, 8(2)</td></tr><tr><td>Year:</td><td>2021</td></tr></table>",https://doi.org/10.1177/20539517211033566,0.5547,-0.0254,3,100,384,5,2.0526,2021,5,2.0526
149,garcia-orosa (2021),"<table><tr><td>Authors:</td><td>garcia-orosa, berta</td></tr><tr><td>Title:</td><td>disinformation, social media, bots, and astroturfing: the fourth wave of digital democracy</td></tr><tr><td>Source:</td><td>profesional de la informacion, 30(6)</td></tr><tr><td>Year:</td><td>2021</td></tr></table>",https://doi.org/10.3145/epi.2021.nov.03,0.8748,-0.6841,3,8,15,5,2.0526,2021,5,2.0526
169,yang (2019a),"<table><tr><td>Authors:</td><td>yang, kai-cheng; hui, pik-mai; menczer, filippo</td></tr><tr><td>Title:</td><td>bot electioneering volume: visualizing social bot activity during elections</td></tr><tr><td>Source:</td><td>companion of the world wide web conference (www 2019 ), 214-217</td></tr><tr><td>Year:</td><td>2019</td></tr></table>",https://doi.org/10.1145/3308560.3316499,0.8239,-0.0169,3,81,210,5,493,2019,5,493
370,frost (2020),"<table><tr><td>Authors:</td><td>frost, catherine</td></tr><tr><td>Title:</td><td>the rower of voice: bots, democracy and the problem of political ventriloquism</td></tr><tr><td>Source:</td><td>journal of political power, 13(1), 6-21</td></tr><tr><td>Year:</td><td>2020</td></tr></table>",https://doi.org/10.1080/2158379x.2019.1701831,0.6878,-0.5803,3,45,93,5,0.6777,2020,5,0.6777
399,hagelstein (2021),"<table><tr><td>Authors:</td><td>hagelstein, jens; einwiller, sabine; zerfass, ansgar</td></tr><tr><td>Title:</td><td>the ethical dimension of public relations in europe: digital channels, moral challenges, resources, and training</td></tr><tr><td>Source:</td><td>public relations review, 47(4)</td></tr><tr><td>Year:</td><td>2021</td></tr></table>",https://doi.org/10.1016/j.pubrev.2021.102063,-0.0459,-1.2291,3,4,6,5,2.0526,2021,5,2.0526
38,akhremenko (2020),"<table><tr><td>Authors:</td><td>akhremenko, a. s.; stukal, d. k.; petrov, a. p.</td></tr><tr><td>Title:</td><td>network vs message in protest diffusion on social media: theoretical and data analytics perspectives</td></tr><tr><td>Source:</td><td>polis-politicheskiye issledovaniya, (2), 73-91</td></tr><tr><td>Year:</td><td>2020</td></tr></table>",https://doi.org/10.17976/jpps/2020.02.06,0.3731,-0.6855,4,17,25,5,0.6777,2020,5,0.6777
145,graham (2021),"<table><tr><td>Authors:</td><td>graham, timothy; bruns, axel; angus, daniel; hurcombe, edward; hames, sam</td></tr><tr><td>Title:</td><td>#istandwithdan versus #dictatordan: the polarised dynamics of twitter discussions about victoria's covid-19 restrictions</td></tr><tr><td>Source:</td><td>media international australia, 179(1), 127-148</td></tr><tr><td>Year:</td><td>2021</td></tr></table>",https://doi.org/10.1177/1329878x20981780,0.1492,-0.5827,4,13,14,5,2.0526,2021,5,2.0526
196,jacobson (2019),"<table><tr><td>Authors:</td><td>jacobson, enna; gruzd, anatoliy; kumar, priya; mai, philip</td></tr><tr><td>Title:</td><td>networked influence: an introduction</td></tr><tr><td>Source:</td><td>social media + society, 5(3)</td></tr><tr><td>Year:</td><td>2019</td></tr></table>",https://doi.org/10.1177/2056305119865473,0.3895,-0.7467,4,3,3,5,493,2019,5,493
78,heidari (2021),"<table><tr><td>Authors:</td><td>heidari, maryam; zad, samira; hajibabaee, parisa; malekzadeh, masoud; hekmatiathar, seyyedpooya; uzuner, ozlem; jones, james h. jr jr</td></tr><tr><td>Title:</td><td>bert model for fake news detection based on social bot activities in the covid-19 pandemic</td></tr><tr><td>Source:</td><td>2021 ieee 12th annual ubiquitous computing, electronics & mobile communication conference (uemcon), 103-109</td></tr><tr><td>Year:</td><td>2021</td></tr></table>",https://doi.org/10.1109/uemcon53757.2021.9666618,-0.0806,-0.2304,6,28,39,5,2.0526,2021,5,2.0526
273,lamo (2019),"<table><tr><td>Authors:</td><td>lamo, madeline; calo, ryan</td></tr><tr><td>Title:</td><td>regulating bot speech</td></tr><tr><td>Source:</td><td>ucla law review, 66(4), 988-1028</td></tr><tr><td>Year:</td><td>2019</td></tr></table>",,-0.4555,-0.6773,6,11,13,5,493,2019,5,493
345,varsha (2021),"<table><tr><td>Authors:</td><td>varsha, p. s.; akter, shahriar; kumar, amit; gochhait, saikat; patagundi, basanna</td></tr><tr><td>Title:</td><td>the impact of artificial intelligence on branding: a bibliometric analysis (1982-2019)</td></tr><tr><td>Source:</td><td>journal of global information management, 29(4), 221-246</td></tr><tr><td>Year:</td><td>2021</td></tr></table>",https://doi.org/10.4018/jgim.20210701.oa10,-0.5925,-0.8892,6,5,7,5,2.0526,2021,5,2.0526
365,nazir (2019),"<table><tr><td>Authors:</td><td>nazir, aisha; khan, muhammad yaseen; ahmed, tafseer; jami, syed imran; wasi, shaukat</td></tr><tr><td>Title:</td><td>a novel approach for ontology-driven information retrieving chatbot for fashion brands</td></tr><tr><td>Source:</td><td>international journal of advanced computer science and applications, 10(9), 546-552</td></tr><tr><td>Year:</td><td>2019</td></tr></table>",,-462,-1.3085,6,2,2,5,493,2019,5,493
421,ouerhani (2020),"<table><tr><td>Authors:</td><td>ouerhani, nourchene; maalel, ahmed; ben ghezela, henda</td></tr><tr><td>Title:</td><td>spececa: a smart pervasive chatbot for emergency case assistance based on cloud computing</td></tr><tr><td>Source:</td><td>cluster computing-the journal of networks software tools and applications, 23(4), 2471-2482</td></tr><tr><td>Year:</td><td>2020</td></tr></table>",https://doi.org/10.1007/s10586-019-03020-1,-0.4675,-0.5271,6,10,14,5,0.6777,2020,5,0.6777
282,dauce (2017),"<table><tr><td>Authors:</td><td>dauce, francoise</td></tr><tr><td>Title:</td><td>political conflicts around the internet in russia: the case of yandex. novosti</td></tr><tr><td>Source:</td><td>laboratorium-russian review of social research, 9(2), 112-132</td></tr><tr><td>Year:</td><td>2017</td></tr></table>",https://doi.org/10.25285/2078-1938-2017-9-2-112-132,-1.1932,-0.2148,7,11,15,5,0.3621,2017,5,0.3621
243,venkatachalam (2017),"<table><tr><td>Authors:</td><td>venkatachalam, natarajan; anitha, r.</td></tr><tr><td>Title:</td><td>a multi-feature approach to detect stegobot: a covert multimedia social network botnet</td></tr><tr><td>Source:</td><td>multimedia tools and applications, 76(4), 6079-6096</td></tr><tr><td>Year:</td><td>2017</td></tr></table>",https://doi.org/10.1007/s11042-016-3555-3,-0.1038,0.6766,8,21,25,5,0.3621,2017,5,0.3621
441,wang (2017),"<table><tr><td>Authors:</td><td>wang, qiaozhi; bhandal, jaisneet; huang, shu; luo, bo</td></tr><tr><td>Title:</td><td>content-based classification of sensitive tweets</td></tr><tr><td>Source:</td><td>international journal of semantic computing, 11(4), 541-562</td></tr><tr><td>Year:</td><td>2017</td></tr></table>",https://doi.org/10.1142/s1793351x17400220,-0.0453,0.7646,8,2,2,5,0.3621,2017,5,0.3621
214,mirtaheri (2021),"<table><tr><td>Authors:</td><td>mirtaheri, mehrnoosh; abu-el-haija, sami; morstatter, fred; steeg, greg ver; galstyan, aram</td></tr><tr><td>Title:</td><td>identifying and analyzing cryptocurrency manipulations in social media</td></tr><tr><td>Source:</td><td>ieee transactions on computational social systems, 8(3), 607-617</td></tr><tr><td>Year:</td><td>2021</td></tr></table>",https://doi.org/10.1109/tcss.2021.3059286,1.0926,1.0709,9,60,87,5,2.0526,2021,5,2.0526
427,boeck (2019),"<table><tr><td>Authors:</td><td>boeck, leon; alexopoulos, nikolaos; saracoglu, emine; muehlhaeuser, max; vasilomanolakis, emmanouil</td></tr><tr><td>Title:</td><td>assessing the threat of blockchain-based botnets</td></tr><tr><td>Source:</td><td>2019 apwg symposium on electronic crime research (ecrime), 15-25</td></tr><tr><td>Year:</td><td>2019</td></tr></table>",,1.5218,1.5043,9,2,2,5,493,2019,5,493
70,chavoshi (2018),"<table><tr><td>Authors:</td><td>chavoshi, nikan; mueen, abdullah</td></tr><tr><td>Title:</td><td>model bots, not humans on social media</td></tr><tr><td>Source:</td><td>2018 ieee/acm international conference on advances in social networks analysis and mining (asonam), 178-185</td></tr><tr><td>Year:</td><td>2018</td></tr></table>",,-0.1658,0.6698,1,64,131,6,0.4657,2018,6,0.4657
125,almerekhi (2015),"<table><tr><td>Authors:</td><td>almerekhi, hind; elsayed, tamer</td></tr><tr><td>Title:</td><td>detecting automatically-generated arabic tweets</td></tr><tr><td>Source:</td><td>information retrieval technology, airs 2015, 9460, 123-134</td></tr><tr><td>Year:</td><td>2015</td></tr></table>",https://doi.org/10.1007/978-3-319-28940-3_10,-407,0.5251,2,37,44,6,287,2015,6,287
158,dadkhah (2021),"<table><tr><td>Authors:</td><td>dadkhah, sajjad; shoeleh, farzaneh; yadollahi, mohammad mehdi; zhang, xichen; ghorbani, ali a.</td></tr><tr><td>Title:</td><td>a real-time hostile activities analyses and detection system</td></tr><tr><td>Source:</td><td>applied soft computing, 104</td></tr><tr><td>Year:</td><td>2021</td></tr></table>",https://doi.org/10.1016/j.asoc.2021.107175,-0.3339,-0.0447,2,67,100,6,2.4632,2021,6,2.4632
288,iqbal (2021),"<table><tr><td>Authors:</td><td>iqbal, naeem; ahmad, rashid; jamil, faisal; kim, do-hyeun</td></tr><tr><td>Title:</td><td>hybrid features prediction model of movie quality using multi-machine learning techniques for effective business resource planning</td></tr><tr><td>Source:</td><td>journal of intelligent & fuzzy systems, 40(5), 9361-9382</td></tr><tr><td>Year:</td><td>2021</td></tr></table>",https://doi.org/10.3233/jifs-201844,-551,1.2763,2,1,1,6,2.4632,2021,6,2.4632
80,dubois (2019),"<table><tr><td>Authors:</td><td>dubois, elizabeth; mckelvey, fenwick</td></tr><tr><td>Title:</td><td>political bots: disrupting canada's democracy</td></tr><tr><td>Source:</td><td>canadian journal of communication, 44(2), 27-33</td></tr><tr><td>Year:</td><td>2019</td></tr></table>",https://doi.org/10.22230/cjc.2019v42n2a3511,0.6429,-0.5722,3,20,24,6,0.5916,2019,6,0.5916
74,santini (2020),"<table><tr><td>Authors:</td><td>santini, rose marie; salles, debora; tucci, giulia; ferreira, fernando; grael, felipe</td></tr><tr><td>Title:</td><td>making up audience: media bots and the falsification of the public sphere</td></tr><tr><td>Source:</td><td>communication studies, 71(3), 466-487</td></tr><tr><td>Year:</td><td>2020</td></tr></table>",https://doi.org/10.1080/10510974.2020.1735466,0.2494,-0.3837,4,79,145,6,0.8132,2020,6,0.8132
66,heredia (2018),"<table><tr><td>Authors:</td><td>heredia, brian; prusa, joseph d.; khoshgoftaar, taghi m.</td></tr><tr><td>Title:</td><td>the impact of malicious accounts on political tweet sentiment</td></tr><tr><td>Source:</td><td>2018 4th ieee international conference on collaboration and internet computing (cic 2018), 197-202</td></tr><tr><td>Year:</td><td>2018</td></tr></table>",https://doi.org/10.1109/cic.2018.00035,0.5111,0.1512,5,82,200,6,0.4657,2018,6,0.4657
202,zago (2019),"<table><tr><td>Authors:</td><td>zago, mattia; nespoli, pantaleone; papamartzivanos, dimitrios; gil perez, manuel; gomez marmol, felix; kambourakis, georgios; martinez perez, gregorio</td></tr><tr><td>Title:</td><td>screening out social bots interference: are there any silver bullets?</td></tr><tr><td>Source:</td><td>ieee communications magazine, 57(8), 98-104</td></tr><tr><td>Year:</td><td>2019</td></tr></table>",https://doi.org/10.1109/mcom.2019.1800520,0.6283,-0.1611,5,67,111,6,0.5916,2019,6,0.5916
54,guilbeault (2016),"<table><tr><td>Authors:</td><td>guilbeault, douglas</td></tr><tr><td>Title:</td><td>growing bot security: an ecological view of bot agency</td></tr><tr><td>Source:</td><td>international journal of communication, 10, 5003-5021</td></tr><tr><td>Year:</td><td>2016</td></tr></table>",,-0.3737,0.0764,6,99,271,6,0.1617,2016,6,0.1617
343,guidi (2020),"<table><tr><td>Authors:</td><td>guidi, barbara; michienzi, andrea; ricci, laura</td></tr><tr><td>Title:</td><td>steem blockchain: mining the inner structure of the graph</td></tr><tr><td>Source:</td><td>ieee access, 8, 210251-210266</td></tr><tr><td>Year:</td><td>2020</td></tr></table>",https://doi.org/10.1109/access.2020.3038550,1.5219,1.5045,9,2,2,6,0.8132,2020,6,0.8132
85,chavoshi (2017b),"<table><tr><td>Authors:</td><td>chavoshi, nikan; hamooni, hossein; mueen, abdullah</td></tr><tr><td>Title:</td><td>on-demand bot detection and archival system</td></tr><tr><td>Source:</td><td>www'17 companion: proceedings of the 26th international conference on world wide web, 183-187</td></tr><tr><td>Year:</td><td>2017</td></tr></table>",https://doi.org/10.1145/3041021.3054733,-0.2579,0.5232,1,59,87,7,507,2017,7,507
114,ilias (2021),"<table><tr><td>Authors:</td><td>ilias, loukas; roussaki, ioanna</td></tr><tr><td>Title:</td><td>detecting malicious activity in twitter using deep learning techniques</td></tr><tr><td>Source:</td><td>applied soft computing, 107</td></tr><tr><td>Year:</td><td>2021</td></tr></table>",https://doi.org/10.1016/j.asoc.2021.107360,0.0571,0.6672,1,56,106,7,2.8737,2021,7,2.8737
328,yada (2020),"<table><tr><td>Authors:</td><td>yada, shuntaro; kageura, kyo; paris, cecile</td></tr><tr><td>Title:</td><td>identification of tweets that mention books</td></tr><tr><td>Source:</td><td>international journal on digital libraries, 21(3), 265-287</td></tr><tr><td>Year:</td><td>2020</td></tr></table>",https://doi.org/10.1007/s00799-019-00273-4,-0.3974,0.8947,2,74,123,7,0.9487,2020,7,0.9487
193,wiesenberg (2020),"<table><tr><td>Authors:</td><td>wiesenberg, m.; tench, r.</td></tr><tr><td>Title:</td><td>deep strategic mediatization: organizational leaders' knowledge and usage of social bots in an era of disinformation</td></tr><tr><td>Source:</td><td>international journal of information management, 51</td></tr><tr><td>Year:</td><td>2020</td></tr></table>",https://doi.org/10.1016/j.ijinfomgt.2019.102042,-18,-0.7482,3,79,199,7,0.9487,2020,7,0.9487
91,santana (2019),"<table><tr><td>Authors:</td><td>santana, luis e.; huerta canepa, gonzalo</td></tr><tr><td>Title:</td><td>are they bots? social media automation during chile's 2017 presidential campaign</td></tr><tr><td>Source:</td><td>cuadernos info, (44), 61-77</td></tr><tr><td>Year:</td><td>2019</td></tr></table>",https://doi.org/10.7764/cdi.44.1629,-0.0599,-0.4346,4,48,77,7,0.6902,2019,7,0.6902
366,crilley (2022),"<table><tr><td>Authors:</td><td>crilley, rhys; gillespie, marie; vidgen, bertie; willis, alistair</td></tr><tr><td>Title:</td><td>understanding rt's audiences: exposure not endorsement for twitter followers of russian state-sponsored media</td></tr><tr><td>Source:</td><td>international journal of press-politics, 27(1), 220-242</td></tr><tr><td>Year:</td><td>2022</td></tr></table>",https://doi.org/10.1177/1940161220980692,0.3043,-0.1076,4,63,103,7,4.1806,2022,7,4.1806
92,aljohani (2020),"<table><tr><td>Authors:</td><td>aljohani, naif radi; fayoumi, ayman; saeed-ul hassan</td></tr><tr><td>Title:</td><td>bot prediction on social networks of twitter in altmetrics using deep graph convolutional networks</td></tr><tr><td>Source:</td><td>soft computing, 24(15), 11109-11120</td></tr><tr><td>Year:</td><td>2020</td></tr></table>",https://doi.org/10.1007/s00500-020-04689-y,-0.0945,0.2739,1,83,178,8,1.0842,2020,8,1.0842
199,costa (2017),"<table><tr><td>Authors:</td><td>costa, alceu ferraz; yamaguchi, yuto; machado traina, agma juci; traina, caetano, jr.; faloutsos, christos</td></tr><tr><td>Title:</td><td>modeling temporal activity to detect anomalous behavior in social media</td></tr><tr><td>Source:</td><td>acm transactions on knowledge discovery from data, 11(4)</td></tr><tr><td>Year:</td><td>2017</td></tr></table>",https://doi.org/10.1145/3064884,-0.8886,0.5195,1,31,55,8,0.5794,2017,8,0.5794
339,kondor (2013),"<table><tr><td>Authors:</td><td>kondor, daniel; csabai, istvan; dobos, laszlo; szuele, janos; barankai, norbert; hanyecz, tamas; sebok, tamas; kallus, zsofia; vattay, gabor</td></tr><tr><td>Title:</td><td>using robust pca to estimate regional characteristics of language use from geo-tagged twitter messages</td></tr><tr><td>Source:</td><td>2013 ieee 4th international conference on cognitive infocommunications (coginfocom), 393-398</td></tr><tr><td>Year:</td><td>2013</td></tr></table>",,-0.6342,0.2411,2,2,2,8,0.1203,2013,8,0.1203
18,pastor-galindo (2020),"<table><tr><td>Authors:</td><td>pastor-galindo, javier; zago, mattia; nespoli, pantaleone; lopez bernal, sergio; huertas celdran, alberto; gil perez, manuel; ruiperez-valiente, jose a.; martinez perez, gregorio; gomez marmol, felix</td></tr><tr><td>Title:</td><td>spotting political social bots in twitter: a use case of the 2019 spanish general election</td></tr><tr><td>Source:</td><td>ieee transactions on network and service management, 17(4), 2156-2170</td></tr><tr><td>Year:</td><td>2020</td></tr></table>",https://doi.org/10.1109/tnsm.2020.3031573,0.9679,-0.4676,3,36,49,8,1.0842,2020,8,1.0842
30,morales (2020),"<table><tr><td>Authors:</td><td>badawy, adam; lerman, kristina; ferrara, emilio</td></tr><tr><td>Title:</td><td>who falls for online political manipulation?</td></tr><tr><td>Source:</td><td>companion of the world wide web conference (www 2019 ), 162-168</td></tr><tr><td>Year:</td><td>2019</td></tr></table>",https://doi.org/10.1177/1940161219872942,0.5741,-0.3615,4,68,105,8,1.0842,2020,8,1.0842
415,xu (2020),"<table><tr><td>Authors:</td><td>xu, weiai wayne</td></tr><tr><td>Title:</td><td>mapping connective actions in the global alt-right and antifa counterpublics</td></tr><tr><td>Source:</td><td>international journal of communication, 14, 1070-1091</td></tr><tr><td>Year:</td><td>2020</td></tr></table>",,57,-0.6189,4,19,21,8,1.0842,2020,8,1.0842
99,silva (2021),"<table><tr><td>Authors:</td><td>silva, bruno castanho; proksch, sven-oliver</td></tr><tr><td>Title:</td><td>fake it 'til you make it: a natural experiment to identify european politicians' benefit from twitter bots</td></tr><tr><td>Source:</td><td>american political science review, 115(1), 316-322</td></tr><tr><td>Year:</td><td>2021</td></tr></table>",https://doi.org/10.1017/s0003055420000817,0.7056,0.4327,5,7,8,8,3.2842,2021,8,3.2842
43,gorodnichenko (2021),"<table><tr><td>Authors:</td><td>gorodnichenko, yuriy; pham, tho; talavera, oleksandr</td></tr><tr><td>Title:</td><td>social media, sentiment and public opinions: evidence from #brexit and #uselection</td></tr><tr><td>Source:</td><td>european economic review, 136</td></tr><tr><td>Year:</td><td>2021</td></tr></table>",https://doi.org/10.1016/j.euroecorev.2021.103772,0.1231,0.1841,1,107,253,9,3.6947,2021,9,3.6947
141,alvari (2019),"<table><tr><td>Authors:</td><td>alvari, hamidreza; shaabani, elham; sarkar, soumajyoti; beigi, ghazaleh; shakarian, paulo</td></tr><tr><td>Title:</td><td>less is more: semi-supervised causal inference for detecting pathogenic users in social media</td></tr><tr><td>Source:</td><td>companion of the world wide web conference (www 2019 ), 154-161</td></tr><tr><td>Year:</td><td>2019</td></tr></table>",https://doi.org/10.1145/3308560.3316500,0.2464,0.3368,2,84,149,9,0.8875,2019,9,0.8875
281,manganello (2020),"<table><tr><td>Authors:</td><td>manganello, jennifer; bleakley, amy; schumacher, patrick</td></tr><tr><td>Title:</td><td>pandemics and psas: rapidly changing information in a new media landscape</td></tr><tr><td>Source:</td><td>health communication, 35(14), 1711-1714</td></tr><tr><td>Year:</td><td>2020</td></tr></table>",https://doi.org/10.1080/10410236.2020.1839192,1.5117,-1.3624,4,1,1,9,1.2198,2020,9,1.2198
186,jones (2015),"<table><tr><td>Authors:</td><td>jones, steve</td></tr><tr><td>Title:</td><td>how i learned to stop worrying and love the bots</td></tr><tr><td>Source:</td><td>social media + society, 1(1)</td></tr><tr><td>Year:</td><td>2015</td></tr></table>",https://doi.org/10.1177/2056305115580344,-0.6592,-165,6,42,59,9,0.4304,2015,9,0.4304
148,deb (2019),"<table><tr><td>Authors:</td><td>deb, ashok; luceri, luca; badawy, adam; ferrara, emilio</td></tr><tr><td>Title:</td><td>perils and challenges of social media and election manipulation analysis: the 2018 us midterms</td></tr><tr><td>Source:</td><td>companion of the world wide web conference (www 2019 ), 237-247</td></tr><tr><td>Year:</td><td>2019</td></tr></table>",https://doi.org/10.1145/3308560.3316486,0.5849,0.2601,8,85,267,9,0.8875,2019,9,0.8875
226,shaabani (2018),"<table><tr><td>Authors:</td><td>shaabani, elham; guo, ruocheng; shakarian, paulo</td></tr><tr><td>Title:</td><td>detecting pathogenic social media accounts without content or network structure</td></tr><tr><td>Source:</td><td>2018 1st international conference on data intelligence and security (icdis 2018), 57-64</td></tr><tr><td>Year:</td><td>2018</td></tr></table>",https://doi.org/10.1109/icdis.2018.00016,0.2357,0.6665,8,61,114,9,0.6985,2018,9,0.6985
105,kollanyi (2016),"<table><tr><td>Authors:</td><td>kollanyi, bence</td></tr><tr><td>Title:</td><td>where do bots come from? an analysis of bot codes shared on github</td></tr><tr><td>Source:</td><td>international journal of communication, 10, 4932-4951</td></tr><tr><td>Year:</td><td>2016</td></tr></table>",,-1.0047,0.1938,1,58,80,10,0.2695,2016,10,0.2695
153,wei (2015),"<table><tr><td>Authors:</td><td>wei, wei; joseph, kenneth; liu, huan; carley, kathleen m.</td></tr><tr><td>Title:</td><td>the fragility of twitter social networks against suspended users</td></tr><tr><td>Source:</td><td>proceedings of the 2015 ieee/acm international conference on advances in social networks analysis and mining (asonam 2015), 9-16</td></tr><tr><td>Year:</td><td>2015</td></tr></table>",https://doi.org/10.1145/2808797.2809316,-0.3461,0.3365,1,26,27,10,0.4783,2015,10,0.4783
79,al-rawi (2020),"<table><tr><td>Authors:</td><td>al-rawi, ahmed; shukla, vishal</td></tr><tr><td>Title:</td><td>bots as active news promoters: a digital analysis of covid-19 tweets</td></tr><tr><td>Source:</td><td>information, 11(10)</td></tr><tr><td>Year:</td><td>2020</td></tr></table>",https://doi.org/10.3390/info11100461,0.3429,-0.5181,4,23,28,10,1.3553,2020,10,1.3553
206,morstatter (2016b),"<table><tr><td>Authors:</td><td>morstatter, fred; dani, harsh; sampson, justin; liu, huan</td></tr><tr><td>Title:</td><td>can one tamper with the sample api? - toward neutralizing bias from spam and bot content</td></tr><tr><td>Source:</td><td>proceedings of the 25th international conference on world wide web (www'16 companion), 81-82</td></tr><tr><td>Year:</td><td>2016</td></tr></table>",https://doi.org/10.1145/2872518.2889372,1.2383,-0.0728,4,4,4,10,0.2695,2016,10,0.2695
5,hurtado (2019),"<table><tr><td>Authors:</td><td>hurtado, sofia; ray, poushali; marculescu, radu</td></tr><tr><td>Title:</td><td>bot detection in reddit political discussion</td></tr><tr><td>Source:</td><td>proceedings of the 2019 fourth international workshop on social sensing (socialsense'19), 30-35</td></tr><tr><td>Year:</td><td>2019</td></tr></table>",https://doi.org/10.1145/3313294.3313386,0.6183,0.2632,5,70,100,10,0.9861,2019,10,0.9861
190,garaizar (2014),"<table><tr><td>Authors:</td><td>garaizar, pablo; reips, ulf-dietrich</td></tr><tr><td>Title:</td><td>build your own social network laboratory with social lab: a tool for research in social media</td></tr><tr><td>Source:</td><td>behavior research methods, 46(2), 430-438</td></tr><tr><td>Year:</td><td>2014</td></tr></table>",https://doi.org/10.3758/s13428-013-0385-3,-1799,-0.3607,7,1,1,10,0.2484,2014,10,0.2484
323,dorri (2018),"<table><tr><td>Authors:</td><td>dorri, ali; abadi, mahdi; dadfarnia, mahila</td></tr><tr><td>Title:</td><td>socialbothunter: botnet detection in twitter-like social networking services using semi-supervised collective classification</td></tr><tr><td>Source:</td><td>2018 16th ieee int conf on dependable, autonom and secure comp, 16th ieee int conf on pervas intelligence and comp, 4th ieee int conf on big data intelligence and comp, 3rd ieee cyber sci and technol congress (dasc/picom/datacom/cyberscitech), 496-503</td></tr><tr><td>Year:</td><td>2018</td></tr></table>",https://doi.org/10.1109/dasc/picom/datacom/cyberscitec.2018.00097,-0.1601,0.3519,1,83,130,11,0.8537,2018,11,0.8537
98,jones (2019),"<table><tr><td>Authors:</td><td>jones, marc owen</td></tr><tr><td>Title:</td><td>propaganda, fake news, and fake trends: the weaponization of twitter bots in the gulf crisis</td></tr><tr><td>Source:</td><td>international journal of communication, 13, 1389-1415</td></tr><tr><td>Year:</td><td>2019</td></tr></table>",,-0.1682,0.2149,2,67,89,11,1.0847,2019,11,1.0847
2,yan (2021),"<table><tr><td>Authors:</td><td>yan, harry yaojun; yang, kai-cheng; menczer, filippo; shanahan, james</td></tr><tr><td>Title:</td><td>asymmetrical perceptions of partisan political bots</td></tr><tr><td>Source:</td><td>new media & society, 23(10), 3016-3037</td></tr><tr><td>Year:</td><td>2021</td></tr></table>",https://doi.org/10.1177/1461444820942744,0.3318,-0.0006,3,92,300,11,4.5158,2021,11,4.5158
55,neyazi (2020),"<table><tr><td>Authors:</td><td>neyazi, taberez ahmed</td></tr><tr><td>Title:</td><td>digital propaganda, political bots and polarized politics in india</td></tr><tr><td>Source:</td><td>asian journal of communication, 30(1), 39-57</td></tr><tr><td>Year:</td><td>2020</td></tr></table>",https://doi.org/10.1080/01292986.2019.1699938,0.1645,-0.0991,3,90,205,11,1.4908,2020,11,1.4908
177,schuchard (2019),"<table><tr><td>Authors:</td><td>schuchard, ross; crooks, andrew t.; stefanidis, anthony; croitoru, arie</td></tr><tr><td>Title:</td><td>bot stamina: examining the influence and staying power of bots in online social networks</td></tr><tr><td>Source:</td><td>applied network science, 4(1)</td></tr><tr><td>Year:</td><td>2019</td></tr></table>",https://doi.org/10.1007/s41109-019-0164-x,0.4411,0.0829,3,102,435,11,1.0847,2019,11,1.0847
165,qi (2018),"<table><tr><td>Authors:</td><td>qi, sihua; alkulaib, lulwah; broniatowski, david a.</td></tr><tr><td>Title:</td><td>detecting and characterizing bot-like behavior on twitter</td></tr><tr><td>Source:</td><td>social, cultural, and behavioral modeling, sbp-brims 2018, 10899, 228-232</td></tr><tr><td>Year:</td><td>2018</td></tr></table>",https://doi.org/10.1007/978-3-319-93372-6_26,727,0.5322,5,33,34,11,0.8537,2018,11,0.8537
381,scannell (2021),"<table><tr><td>Authors:</td><td>scannell, denise; desens, linda; guadagno, marie; tra, yolande; acker, emily; sheridan, kate; rosner, margo; mathieu, jennifer; fulk, mike</td></tr><tr><td>Title:</td><td>covid-19 vaccine discourse on twitter: a content analysis of persuasion techniques, sentiment and mis/disinformation</td></tr><tr><td>Source:</td><td>journal of health communication, 26(7), 443-459</td></tr><tr><td>Year:</td><td>2021</td></tr></table>",https://doi.org/10.1080/10810730.2021.1955050,0.7948,0.0618,5,64,95,11,4.5158,2021,11,4.5158
22,assenmacher (2020),"<table><tr><td>Authors:</td><td>assenmacher, dennis; clever, lena; frischlich, lena; quandt, thorsten; trautmann, heike; grimme, christian</td></tr><tr><td>Title:</td><td>demystifying social bots: on the intelligence of automated social media actors</td></tr><tr><td>Source:</td><td>social media + society, 6(3)</td></tr><tr><td>Year:</td><td>2020</td></tr></table>",https://doi.org/10.1177/2056305120939264,-0.2377,-0.4917,6,103,249,11,1.4908,2020,11,1.4908
322,kushwaha (2021),"<table><tr><td>Authors:</td><td>kushwaha, amit kumar; kumar, prashant; kar, arpan kumar</td></tr><tr><td>Title:</td><td>what impacts customer experience for b2b enterprises on using ai-enabled chatbots? insights from big data analytics</td></tr><tr><td>Source:</td><td>industrial marketing management, 98, 207-221</td></tr><tr><td>Year:</td><td>2021</td></tr></table>",https://doi.org/10.1016/j.indmarman.2021.08.011,-0.5941,-0.9312,6,4,8,11,4.5158,2021,11,4.5158
25,badawy (2019a),"<table><tr><td>Authors:</td><td>badawy, adam; lerman, kristina; ferrara, emilio</td></tr><tr><td>Title:</td><td>who falls for online political manipulation?</td></tr><tr><td>Source:</td><td>companion of the world wide web conference (www 2019 ), 162-168</td></tr><tr><td>Year:</td><td>2019</td></tr></table>",https://doi.org/10.1145/3308560.3316494,0.6861,0.1026,5,86,241,12,1.1833,2019,12,1.1833
164,beskow (2018),"<table><tr><td>Authors:</td><td>beskow, david m.; carley, kathleen m.</td></tr><tr><td>Title:</td><td>bot conversations are different: leveraging network metrics for bot detection in twitter</td></tr><tr><td>Source:</td><td>2018 ieee/acm international conference on advances in social networks analysis and mining (asonam), 825-832</td></tr><tr><td>Year:</td><td>2018</td></tr></table>",,0.1015,0.5654,1,75,160,13,1009,2018,13,1009
216,shafahi (2016),"<table><tr><td>Authors:</td><td>shafahi, mohammad; kempers, leon; afsarmanesh, hamideh</td></tr><tr><td>Title:</td><td>phishing through social bots on twitter</td></tr><tr><td>Source:</td><td>2016 ieee international conference on big data (big data), 3703-3712</td></tr><tr><td>Year:</td><td>2016</td></tr></table>",,-0.4429,0.2533,2,74,149,13,0.3504,2016,13,0.3504
7,luceri (2019),"<table><tr><td>Authors:</td><td>luceri, luca; deb, ashok; badawy, adam; ferrara, emilio</td></tr><tr><td>Title:</td><td>red bots do it better: comparative analysis of social bot partisan behavior</td></tr><tr><td>Source:</td><td>companion of the world wide web conference (www 2019 ), 1007-1012</td></tr><tr><td>Year:</td><td>2019</td></tr></table>",https://doi.org/10.1145/3308560.3316735,826,0.1213,3,83,289,13,1.2819,2019,13,1.2819
224,varol (2020),"<table><tr><td>Authors:</td><td>varol, onur; uluturk, ismail</td></tr><tr><td>Title:</td><td>journalists on twitter: self-branding, audiences, and involvement of bots</td></tr><tr><td>Source:</td><td>journal of computational social science, 3(1), 83-101</td></tr><tr><td>Year:</td><td>2020</td></tr></table>",https://doi.org/10.1007/s42001-019-00056-6,0.4636,-0.1828,3,86,199,13,1.7619,2020,13,1.7619
231,nizzoli (2020),"<table><tr><td>Authors:</td><td>nizzoli, leonardo; tardelli, serena; avvenuti, marco; cresci, stefano; tesconi, maurizio; ferrara, emilio</td></tr><tr><td>Title:</td><td>charting the landscape of online cryptocurrency manipulation</td></tr><tr><td>Source:</td><td>ieee access, 8, 113230-113245</td></tr><tr><td>Year:</td><td>2020</td></tr></table>",https://doi.org/10.1109/access.2020.3003370,0.7526,-0.1035,3,83,275,13,1.7619,2020,13,1.7619
420,campos-dominguez (2018),"<table><tr><td>Authors:</td><td>campos-dominguez, eva; garcia-orosa, berta</td></tr><tr><td>Title:</td><td>algorithmic communication and political parties: automation of production and flow of messages</td></tr><tr><td>Source:</td><td>profesional de la informacion, 27(4), 769-777</td></tr><tr><td>Year:</td><td>2018</td></tr></table>",https://doi.org/10.3145/epi.2018.jul.06,0.6412,-0.4455,3,66,95,13,1009,2018,13,1009
279,larsson (2015),"<table><tr><td>Authors:</td><td>larsson, anders olof; moe, hallvard</td></tr><tr><td>Title:</td><td>bots or journalists? news sharing on twitter</td></tr><tr><td>Source:</td><td>communications-european journal of communication research, 40(3), 361-370</td></tr><tr><td>Year:</td><td>2015</td></tr></table>",https://doi.org/10.1515/commun-2015-0014,0.2055,-0.8141,4,4,5,13,0.6217,2015,13,0.6217
120,menczer (2016),"<table><tr><td>Authors:</td><td>menczer, filippo</td></tr><tr><td>Title:</td><td>the spread of misinformation in social media</td></tr><tr><td>Source:</td><td>proceedings of the 25th international conference on world wide web (www'16 companion), 717-717</td></tr><tr><td>Year:</td><td>2016</td></tr></table>",https://doi.org/10.1145/2872518.2890092,0.7986,0.2384,5,65,100,13,0.3504,2016,13,0.3504
303,wilson-nash (2020),"<table><tr><td>Authors:</td><td>wilson-nash, carolyn; goode, amy; currie, alice</td></tr><tr><td>Title:</td><td>introducing the socialbot: a novel touchpoint along the young adult customer journey</td></tr><tr><td>Source:</td><td>european journal of marketing, 54(10), 2621-2643</td></tr><tr><td>Year:</td><td>2020</td></tr></table>",https://doi.org/10.1108/ejm-07-2019-0555,-0.5959,-0.9189,6,5,8,13,1.7619,2020,13,1.7619
76,nasim (2018),"<table><tr><td>Authors:</td><td>nasim, mehwish; nguyen, andrew; lothian, nick; cope, robert; mitchell, lewis</td></tr><tr><td>Title:</td><td>real-time detection of content polluters in partially observable twitter networks</td></tr><tr><td>Source:</td><td>companion proceedings of the world wide web conference 2018 (www 2018), 1331-1339</td></tr><tr><td>Year:</td><td>2018</td></tr></table>",https://doi.org/10.1145/3184558.3191574,294,0.1436,8,97,247,13,1009,2018,13,1009
14,fernquist (2018),"<table><tr><td>Authors:</td><td>fernquist, johan; kaati, lisa; schroeder, ralph</td></tr><tr><td>Title:</td><td>political bots and the swedish general election</td></tr><tr><td>Source:</td><td>2018 ieee international conference on intelligence and security informatics (isi), 124-129</td></tr><tr><td>Year:</td><td>2018</td></tr></table>",,-0.3099,0.1312,1,48,63,14,1.0866,2018,14,1.0866
170,heidari (2020b),"<table><tr><td>Authors:</td><td>heidari, maryam; jones, james h. jr jr; uzuner, ozlem</td></tr><tr><td>Title:</td><td>deep contextualized word embedding for text-based online user profiling to detect social bots on twitter</td></tr><tr><td>Source:</td><td>20th ieee international conference on data mining workshops (icdmw 2020), 480-487</td></tr><tr><td>Year:</td><td>2020</td></tr></table>",https://doi.org/10.1109/icdmw51313.2020.00071,0.1651,0.2782,1,53,112,14,1.8974,2020,14,1.8974
37,hepp (2020),"<table><tr><td>Authors:</td><td>hepp, andreas</td></tr><tr><td>Title:</td><td>artificial companions, social bots and work bots: communicative robots as research objects of media and communication studies</td></tr><tr><td>Source:</td><td>media culture & society, 42(7-8), 1410-1426</td></tr><tr><td>Year:</td><td>2020</td></tr></table>",https://doi.org/10.1177/0163443720916412,701,-0.1829,3,66,106,14,1.8974,2020,14,1.8974
3,hagen (2022),"<table><tr><td>Authors:</td><td>hagen, loni; neely, stephen; keller, thomas e.; scharf, ryan; vasquez, fatima espinoza</td></tr><tr><td>Title:</td><td>rise of the machines? examining the influence of social bots on a political discussion network</td></tr><tr><td>Source:</td><td>social science computer review, 40(2), 264-287</td></tr><tr><td>Year:</td><td>2022</td></tr></table>",https://doi.org/10.1177/0894439320908190,0.9103,-0.8084,4,81,232,14,8.3611,2022,14,8.3611
258,marechal (2016),"<table><tr><td>Authors:</td><td>marechal, nathalie</td></tr><tr><td>Title:</td><td>when bots tweet: toward a normative framework for bots on social networking sites</td></tr><tr><td>Source:</td><td>international journal of communication, 10, 5022-5031</td></tr><tr><td>Year:</td><td>2016</td></tr></table>",,-0.1166,-0.6427,4,9,10,14,0.3773,2016,14,0.3773
15,boichak (2018),"<table><tr><td>Authors:</td><td>boichak, olga; jackson, sam; hemsley, jeff; tanupabrungsun, sikana</td></tr><tr><td>Title:</td><td>automated diffusion? bots and their influence during the 2016 us presidential election</td></tr><tr><td>Source:</td><td>transforming digital worlds, iconference 2018, 10766, 17-26</td></tr><tr><td>Year:</td><td>2018</td></tr></table>",https://doi.org/10.1007/978-3-319-78105-1_3,594,-0.0915,5,61,86,14,1.0866,2018,14,1.0866
71,duh (2018),"<table><tr><td>Authors:</td><td>duh, andrej; rupnik, marjan slak; korosak, dean</td></tr><tr><td>Title:</td><td>collective behavior of social bots is encoded in their temporal twitter activity</td></tr><tr><td>Source:</td><td>big data, 6(2), 113-123</td></tr><tr><td>Year:</td><td>2018</td></tr></table>",https://doi.org/10.1089/big.2017.0041,0.0917,0.0507,5,100,280,14,1.0866,2018,14,1.0866
229,clement (2015),"<table><tr><td>Authors:</td><td>clement, maxime; guitton, matthieu j.</td></tr><tr><td>Title:</td><td>interacting with bots online: users' reactions to actions of automated programs in wikipedia</td></tr><tr><td>Source:</td><td>computers in human behavior, 50, 66-75</td></tr><tr><td>Year:</td><td>2015</td></tr></table>",https://doi.org/10.1016/j.chb.2015.03.078,-0.6643,0.1138,6,12,15,14,0.6696,2015,14,0.6696
161,stieglitz (2017),"<table><tr><td>Authors:</td><td>stieglitz, stefan; brachten, florian; berthele, davina; schlaus, mira; venetopoulou, chrissoula; veutgen, daniel</td></tr><tr><td>Title:</td><td>do social bots (still) act different to humans? - comparing metrics of social bots with those of humans</td></tr><tr><td>Source:</td><td>social computing and social media: human behavior, pt i, 10282, 379-395</td></tr><tr><td>Year:</td><td>2017</td></tr></table>",https://doi.org/10.1007/978-3-319-58559-8_30,-454,-0.01,7,93,235,14,1.0139,2017,14,1.0139
57,al-rawi (2019),"<table><tr><td>Authors:</td><td>al-rawi, ahmed; groshek, jacob; zhang, li</td></tr><tr><td>Title:</td><td>what the fake? assessing the extent of networked political spamming and bots in the propagation of #fakenews on twitter</td></tr><tr><td>Source:</td><td>online information review, 43(1), 53-71</td></tr><tr><td>Year:</td><td>2019</td></tr></table>",https://doi.org/10.1108/oir-02-2018-0065,0.1196,-0.3551,4,87,150,15,1.4791,2019,15,1.4791
151,munger (2019),"<table><tr><td>Authors:</td><td>munger, kevin</td></tr><tr><td>Title:</td><td>the limited value of non-replicable field experiments in contexts with low temporal validity</td></tr><tr><td>Source:</td><td>social media + society, 5(3)</td></tr><tr><td>Year:</td><td>2019</td></tr></table>",https://doi.org/10.1177/2056305119859294,-0.4886,-0.7424,6,3,3,15,1.4791,2019,15,1.4791
122,van der walt (2018a),"<table><tr><td>Authors:</td><td>van der walt, estee; eloff, j. h. p.; grobler, jacomine</td></tr><tr><td>Title:</td><td>cyber-security: identity deception detection on social media platforms</td></tr><tr><td>Source:</td><td>computers & security, 78, 76-89</td></tr><tr><td>Year:</td><td>2018</td></tr></table>",https://doi.org/10.1016/j.cose.2018.05.015,-0.7802,0.4399,1,49,84,16,1.2418,2018,16,1.2418
324,kantepe (2017),"<table><tr><td>Authors:</td><td>kantepe, mucahit; ganiz, murat can</td></tr><tr><td>Title:</td><td>preprocessing framework for twitter bot detection</td></tr><tr><td>Source:</td><td>2017 international conference on computer science and engineering (ubmk), 630-634</td></tr><tr><td>Year:</td><td>2017</td></tr></table>",,0.3346,0.3537,2,75,110,16,1.1588,2017,16,1.1588
377,johnson (2022),"<table><tr><td>Authors:</td><td>johnson, james</td></tr><tr><td>Title:</td><td>delegating strategic decision-making to machines: dr. strangelove redux?</td></tr><tr><td>Source:</td><td>journal of strategic studies, 45(3), 439-477</td></tr><tr><td>Year:</td><td>2022</td></tr></table>",https://doi.org/10.1080/01402390.2020.1759038,-1283,-0.2024,7,2,2,16,9.5556,2022,16,9.5556
187,beskow (2019),"<table><tr><td>Authors:</td><td>beskow, david m.; carley, kathleen m.</td></tr><tr><td>Title:</td><td>its all in a name: detecting and labeling bots by their name</td></tr><tr><td>Source:</td><td>computational and mathematical organization theory, 25(1), 24-35</td></tr><tr><td>Year:</td><td>2019</td></tr></table>",https://doi.org/10.1007/s10588-018-09290-1,-142,0.5657,1,77,143,17,1.6763,2019,17,1.6763
17,stukal (2019),"<table><tr><td>Authors:</td><td>stukal, denis; sanovich, sergey; tucker, joshua a.; bonneau, richard</td></tr><tr><td>Title:</td><td>for whom the bot tolls: a neural networks approach to measuring political orientation of twitter bots in russia</td></tr><tr><td>Source:</td><td>sage open, 9(2)</td></tr><tr><td>Year:</td><td>2019</td></tr></table>",https://doi.org/10.1177/2158244019827715,234,-0.0379,2,75,152,17,1.6763,2019,17,1.6763
166,lai (2019),"<table><tr><td>Authors:</td><td>lai, mirko; tambuscio, marcella; patti, viviana; ruffo, giancarlo; rosso, paolo</td></tr><tr><td>Title:</td><td>stance polarity in political debates: a diachronic perspective of network homophily and conversations on twitter</td></tr><tr><td>Source:</td><td>data & knowledge engineering, 124</td></tr><tr><td>Year:</td><td>2019</td></tr></table>",https://doi.org/10.1016/j.datak.2019.101738,-528,-0.1939,2,42,82,18,1.7749,2019,18,1.7749
154,zerback (2021),"<table><tr><td>Authors:</td><td>zerback, thomas; toepfl, florian; knoepfle, maria</td></tr><tr><td>Title:</td><td>the disconcerting potential of online disinformation: persuasive effects of astroturfing comments and three strategies for inoculation against them</td></tr><tr><td>Source:</td><td>new media & society, 23(5), 1080-1098</td></tr><tr><td>Year:</td><td>2021</td></tr></table>",https://doi.org/10.1177/1461444820908530,797,-0.6731,3,33,45,18,7.3895,2021,18,7.3895
185,cai (2017a),"<table><tr><td>Authors:</td><td>cai, chiyu; li, linjing; zeng, daniel</td></tr><tr><td>Title:</td><td>detecting social rots by jointly modeling deep behavior and content information</td></tr><tr><td>Source:</td><td>cikm'17: proceedings of the 2017 acm conference on information and knowledge management, 1995-1998</td></tr><tr><td>Year:</td><td>2017</td></tr></table>",https://doi.org/10.1145/3132847.3133050,-518,0.5606,1,53,87,19,1376,2017,19,1376
413,zhang (2019),"<table><tr><td>Authors:</td><td>zhang, daniel; wang, dong; vance, nathan; zhang, yang; mike, steven</td></tr><tr><td>Title:</td><td>on scalable and robust truth discovery in big data social media sensing applications</td></tr><tr><td>Source:</td><td>ieee transactions on big data, 5(2), 195-208</td></tr><tr><td>Year:</td><td>2019</td></tr></table>",https://doi.org/10.1109/tbdata.2018.2824812,-0.2146,0.7703,1,7,7,19,1.8735,2019,19,1.8735
171,liu (2019),"<table><tr><td>Authors:</td><td>liu, xia</td></tr><tr><td>Title:</td><td>a big data approach to examining social bots on twitter</td></tr><tr><td>Source:</td><td>journal of services marketing, 33(4), 369-379</td></tr><tr><td>Year:</td><td>2019</td></tr></table>",https://doi.org/10.1108/jsm-02-2018-0049,-0.0325,-0.0105,2,79,118,19,1.8735,2019,19,1.8735
73,chavoshi (2017a),"<table><tr><td>Authors:</td><td>chavoshi, nikan; hamooni, hossein; mueen, abdullah</td></tr><tr><td>Title:</td><td>temporal patterns in bot activities</td></tr><tr><td>Source:</td><td>www'17 companion: proceedings of the 26th international conference on world wide web, 1601-1606</td></tr><tr><td>Year:</td><td>2017</td></tr></table>",https://doi.org/10.1145/3041021.3051114,0.6338,0.1977,5,61,76,20,1.4485,2017,20,1.4485
63,wang (2018),"<table><tr><td>Authors:</td><td>wang, patrick; angarita, rafael; renna, ilaria</td></tr><tr><td>Title:</td><td>is this the era of misinformation yet? combining social bots and fake news to deceive the masses</td></tr><tr><td>Source:</td><td>companion proceedings of the world wide web conference 2018 (www 2018), 1557-1561</td></tr><tr><td>Year:</td><td>2018</td></tr></table>",https://doi.org/10.1145/3184558.3191610,75,-0.4765,6,64,74,20,1.5522,2018,20,1.5522
433,yenala (2018),"<table><tr><td>Authors:</td><td>yenala, harish; jhanwar, ashish; chinnakotla, manoj k.; goyal, jay</td></tr><tr><td>Title:</td><td>deep learning for detecting inappropriate content in text</td></tr><tr><td>Source:</td><td>international journal of data science and analytics, 6(4), 273-286</td></tr><tr><td>Year:</td><td>2018</td></tr></table>",https://doi.org/10.1007/s41060-017-0088-4,-0.1147,0.7439,1,13,16,21,1.6299,2018,21,1.6299
53,badawy (2019b),"<table><tr><td>Authors:</td><td>badawy, adam; addawood, aseel; lerman, kristina; ferrara, emilio</td></tr><tr><td>Title:</td><td>characterizing the 2016 russian ira influence campaign</td></tr><tr><td>Source:</td><td>social network analysis and mining, 9(1)</td></tr><tr><td>Year:</td><td>2019</td></tr></table>",https://doi.org/10.1007/s13278-019-0578-6,625,0.0029,5,86,300,21,2.0707,2019,21,2.0707
284,uyheng (2020),"<table><tr><td>Authors:</td><td>uyheng, joshua; carley, kathleen m.</td></tr><tr><td>Title:</td><td>bots and online hate during the covid-19 pandemic: case studies in the united states and the philippines</td></tr><tr><td>Source:</td><td>journal of computational social science, 3(2), 445-468</td></tr><tr><td>Year:</td><td>2020</td></tr></table>",https://doi.org/10.1007/s42001-020-00087-4,0.5944,-0.1965,4,85,189,22,2.9817,2020,22,2.9817
72,sayyadiharikandeh (2020),"<table><tr><td>Authors:</td><td>sayyadiharikandeh, mohsen; varol, onur; yang, kai-cheng; flammini, alessandro; menczer, filippo</td></tr><tr><td>Title:</td><td>detection of novel social bots by ensembles of specialized classifiers</td></tr><tr><td>Source:</td><td>cikm '20: proceedings of the 29th acm international conference on information & knowledge management, 2725-2732</td></tr><tr><td>Year:</td><td>2020</td></tr></table>",https://doi.org/10.1145/3340531.3412698,0.5164,291,3,94,370,23,3.1172,2020,23,3.1172
60,grimme (2018),"<table><tr><td>Authors:</td><td>grimme, christian; assenmacher, dennis; adam, lena</td></tr><tr><td>Title:</td><td>changing perspectives: is it sufficient to detect social bots?</td></tr><tr><td>Source:</td><td>social computing and social media: user experience and behavior, scsm 2018, pt i, 10913, 445-461</td></tr><tr><td>Year:</td><td>2018</td></tr></table>",https://doi.org/10.1007/978-3-319-91521-0_32,0.3928,-0.1842,5,70,120,23,1.7851,2018,23,1.7851
36,heidari (2020a),"<table><tr><td>Authors:</td><td>heidari, maryam; jones, james h.</td></tr><tr><td>Title:</td><td>using bert to extract topic-independent sentiment features for social media bot detection</td></tr><tr><td>Source:</td><td>2020 11th ieee annual ubiquitous computing, electronics & mobile communication conference (uemcon), 542-547</td></tr><tr><td>Year:</td><td>2020</td></tr></table>",,-0.0508,65,1,61,125,24,3.2527,2020,24,3.2527
51,murthy (2016),"<table><tr><td>Authors:</td><td>murthy, dhiraj; powell, alison b.; tinati, ramine; anstead, nick; carr, leslie; halford, susan j.; weal, mark</td></tr><tr><td>Title:</td><td>bots and political influence: a sociotechnical investigation of social network capital</td></tr><tr><td>Source:</td><td>international journal of communication, 10, 4952-4971</td></tr><tr><td>Year:</td><td>2016</td></tr></table>",,-0.2366,0.2124,2,81,144,24,0.6468,2016,24,0.6468
87,howells (2017),"<table><tr><td>Authors:</td><td>howells, karen; ertugan, ahmet</td></tr><tr><td>Title:</td><td>applying fuzzy logic for sentiment analysis of social media network data in marketing</td></tr><tr><td>Source:</td><td>9th international conference on theory and application of soft computing, computing with words and perception, icsccw 2017, 120, 664-670</td></tr><tr><td>Year:</td><td>2017</td></tr></table>",https://doi.org/10.1016/j.procs.2017.11.293,0.8344,-0.1128,5,54,54,24,1.7382,2017,24,1.7382
280,ford (2019),"<table><tr><td>Authors:</td><td>ford, heather; hutchinson, jonathon</td></tr><tr><td>Title:</td><td>newsbots that mediate journalist and audience relationships</td></tr><tr><td>Source:</td><td>digital journalism, 7(8), 1013-1031</td></tr><tr><td>Year:</td><td>2019</td></tr></table>",https://doi.org/10.1080/21670811.2019.1626752,-0.7608,-0.3445,7,13,13,24,2.3666,2019,24,2.3666
88,savage (2016),"<table><tr><td>Authors:</td><td>savage, saiph; monroy-hernandez, andres; hoellerer, tobias</td></tr><tr><td>Title:</td><td>botivist: calling volunteers to action using online bots</td></tr><tr><td>Source:</td><td>acm conference on computer-supported cooperative work and social computing (cscw 2016), 813-822</td></tr><tr><td>Year:</td><td>2016</td></tr></table>",https://doi.org/10.1145/2818048.2819985,-0.4639,-0.2949,6,20,23,25,0.6738,2016,25,0.6738
344,mittelstadt (2016),"<table><tr><td>Authors:</td><td>mittelstadt, brent</td></tr><tr><td>Title:</td><td>auditing for transparency in content personalization systems</td></tr><tr><td>Source:</td><td>international journal of communication, 10, 4991-5002</td></tr><tr><td>Year:</td><td>2016</td></tr></table>",,-1.0823,-0.2093,7,13,18,25,0.6738,2016,25,0.6738
189,alothali (2018),"<table><tr><td>Authors:</td><td>alothali, eiman; zaki, nazar; mohamed, elfadil a.; alashwal, hany</td></tr><tr><td>Title:</td><td>detecting social bots on twitter: a literature review</td></tr><tr><td>Source:</td><td>proceedings of the 2018 13th international conference on innovations in information technology (iit), 175-180</td></tr><tr><td>Year:</td><td>2018</td></tr></table>",,-0.0948,0.4744,1,99,313,26,2.0179,2018,26,2.0179
129,sanovich (2018),"<table><tr><td>Authors:</td><td>sanovich, sergey; stukal, denis; tucker, joshua a.</td></tr><tr><td>Title:</td><td>turning the virtual tables: government strategies for addressing online opposition with an application to russia</td></tr><tr><td>Source:</td><td>comparative politics, 50(3), 435</td></tr><tr><td>Year:</td><td>2018</td></tr></table>",https://doi.org/10.5129/001041518822704890,-0.1083,0.2422,2,33,40,26,2.0179,2018,26,2.0179
97,gilani (2016),"<table><tr><td>Authors:</td><td>gilani, zafar; wang, liang; crowcroft, jon; almeida, mario; farahbakhsh, reza</td></tr><tr><td>Title:</td><td>stweeler: a framework for twitter bot analysis</td></tr><tr><td>Source:</td><td>proceedings of the 25th international conference on world wide web (www'16 companion), 37-38</td></tr><tr><td>Year:</td><td>2016</td></tr></table>",https://doi.org/10.1145/2872518.2889360,-805,0.3361,1,26,28,27,0.7277,2016,27,0.7277
400,alsaleh (2014),"<table><tr><td>Authors:</td><td>alsaleh, mansour; alarifi, abdulrahman; al-salman, abdulmalik; alfayez, mohammed; almuhaysin, abdulmajeed</td></tr><tr><td>Title:</td><td>tsd: detecting sybil accounts in twitter</td></tr><tr><td>Source:</td><td>2014 13th international conference on machine learning and applications (icmla), 463-469</td></tr><tr><td>Year:</td><td>2014</td></tr></table>",https://doi.org/10.1109/icmla.2014.81,-0.5605,0.5522,2,34,52,29,0.7205,2014,29,0.7205
52,schaefer (2017),"<table><tr><td>Authors:</td><td>schaefer, fabian; evert, stefan; heinrich, philipp</td></tr><tr><td>Title:</td><td>japan's 2014 general election: political bots, right-wing internet activism, and prime minister shinz abe's hidden nationalist agenda</td></tr><tr><td>Source:</td><td>big data, 5(4), 294-309</td></tr><tr><td>Year:</td><td>2017</td></tr></table>",https://doi.org/10.1089/big.2017.0049,0.2364,-0.8013,4,18,20,30,2.1727,2017,30,2.1727
334,hasler (2013),"<table><tr><td>Authors:</td><td>hasler, beatrice s.; tuchman, peleg; friedman, doron</td></tr><tr><td>Title:</td><td>virtual research assistants: replacing human interviewers by automated avatars in virtual worlds</td></tr><tr><td>Source:</td><td>computers in human behavior, 29(4), 1608-1616</td></tr><tr><td>Year:</td><td>2013</td></tr></table>",https://doi.org/10.1016/j.chb.2013.01.004,-1.7717,-0.3552,7,6,8,30,0.4511,2013,30,0.4511
208,cai (2017b),"<table><tr><td>Authors:</td><td>cai, chiyu; li, linjing; zeng, daniel</td></tr><tr><td>Title:</td><td>behavior enhanced deep bot detection in social media</td></tr><tr><td>Source:</td><td>2017 ieee international conference on intelligence and security informatics (isi), 128-130</td></tr><tr><td>Year:</td><td>2017</td></tr></table>",,-0.4091,0.6132,1,19,24,31,2.2451,2017,31,2.2451
244,ferrara (2020),"<table><tr><td>Authors:</td><td>ferrara, emilio; cresci, stefano; luceri, luca</td></tr><tr><td>Title:</td><td>misinformation, manipulation, and abuse on social media in the era of covid-19</td></tr><tr><td>Source:</td><td>journal of computational social science, 3(2), 271-277</td></tr><tr><td>Year:</td><td>2020</td></tr></table>",https://doi.org/10.1007/s42001-020-00094-5,749,-0.2429,4,59,85,31,4.2015,2020,31,4.2015
265,roy (2020),"<table><tr><td>Authors:</td><td>roy, kamol chandra; hasan, samiul; sadri, arif mohaimin; cebrian, manuel</td></tr><tr><td>Title:</td><td>understanding the efficiency of social media based crisis communication during hurricane sandy</td></tr><tr><td>Source:</td><td>international journal of information management, 52</td></tr><tr><td>Year:</td><td>2020</td></tr></table>",https://doi.org/10.1016/j.ijinfomgt.2019.102060,-0.0186,0.3753,6,46,52,31,4.2015,2020,31,4.2015
347,shin (2017),"<table><tr><td>Authors:</td><td>shin, kijung; hooi, bryan; kim, jisu; faloutsos, christos</td></tr><tr><td>Title:</td><td>d-cube: dense-block detection in terabyte-scale tensors</td></tr><tr><td>Source:</td><td>wsdm'17: proceedings of the tenth acm international conference on web search and data mining, 681-689</td></tr><tr><td>Year:</td><td>2017</td></tr></table>",https://doi.org/10.1145/3018661.3018676,-0.7243,-0.1502,2,3,9,32,2.3175,2017,32,2.3175
290,ahmed (2019),"<table><tr><td>Authors:</td><td>ahmed, wasim; lugovic, sergej</td></tr><tr><td>Title:</td><td>social media analytics: analysis and visualisation of news diffusion using nodexl</td></tr><tr><td>Source:</td><td>online information review, 43(1), 149-160</td></tr><tr><td>Year:</td><td>2019</td></tr></table>",https://doi.org/10.1108/oir-03-2018-0093,0.3281,-0.2374,4,30,40,33,3254,2019,33,3254
136,alarifi (2016),"<table><tr><td>Authors:</td><td>alarifi, abdulrahman; alsaleh, mansour; al-salman, abdulmalik</td></tr><tr><td>Title:</td><td>twitter turing test: identifying social machines</td></tr><tr><td>Source:</td><td>information sciences, 372, 332-346</td></tr><tr><td>Year:</td><td>2016</td></tr></table>",https://doi.org/10.1016/j.ins.2016.08.036,-528,0.5033,2,57,122,34,0.9164,2016,34,0.9164
391,bimber (2020),"<table><tr><td>Authors:</td><td>bimber, bruce; gil de zuniga, homero</td></tr><tr><td>Title:</td><td>the unedited public sphere</td></tr><tr><td>Source:</td><td>new media & society, 22(4), 700-715</td></tr><tr><td>Year:</td><td>2020</td></tr></table>",https://doi.org/10.1177/1461444819893980,0.3172,-0.5797,4,39,55,34,4.6081,2020,34,4.6081
86,yuan (2019),"<table><tr><td>Authors:</td><td>yuan, xiaoyi; schuchard, ross j.; crooks, andrew t.</td></tr><tr><td>Title:</td><td>examining emergent communities and social bots within the polarized online vaccination debate in twitter</td></tr><tr><td>Source:</td><td>social media + society, 5(3)</td></tr><tr><td>Year:</td><td>2019</td></tr></table>",https://doi.org/10.1177/2056305119865465,0.0307,-0.0583,7,88,235,37,3.6484,2019,37,3.6484
210,yang (2020),"<table><tr><td>Authors:</td><td>yang, kai-cheng; varol, onur; hui, pik-mai; menczer, filippo</td></tr><tr><td>Title:</td><td>scalable and generalizable social bot detection through data selection</td></tr><tr><td>Source:</td><td>thirty-fourth aaai conference on artificial intelligence, the thirty-second innovative applications of artificial intelligence conference and the tenth aaai symposium on educational advances in artificial intelligence, 34, 1096-1103</td></tr><tr><td>Year:</td><td>2020</td></tr></table>",,0.5204,0.2745,3,93,331,44,5.9634,2020,44,5.9634
4,gorwa (2020),"<table><tr><td>Authors:</td><td>gorwa, robert; guilbeault, douglas</td></tr><tr><td>Title:</td><td>unpacking the social media bot: a typology to guide research and policy</td></tr><tr><td>Source:</td><td>policy and internet, 12(2), 225-248</td></tr><tr><td>Year:</td><td>2020</td></tr></table>",https://doi.org/10.1002/poi3.184,-0.3299,-0.3016,6,107,310,44,5.9634,2020,44,5.9634
124,van der walt (2018b),"<table><tr><td>Authors:</td><td>van der walt, estee; eloff, jan</td></tr><tr><td>Title:</td><td>using machine learning to detect fake identities: bots vs humans</td></tr><tr><td>Source:</td><td>ieee access, 6, 6540-6549</td></tr><tr><td>Year:</td><td>2018</td></tr></table>",https://doi.org/10.1109/access.2018.2796018,-0.7011,0.4759,1,52,90,45,3.4925,2018,45,3.4925
204,costa (2015),"<table><tr><td>Authors:</td><td>costa, alceu ferraz; yamaguchi, yuto; machado traina, agma juci; traina, caetano, jr.; faloutsos, christos</td></tr><tr><td>Title:</td><td>rsc: mining and modeling temporal activity in social media</td></tr><tr><td>Source:</td><td>kdd'15: proceedings of the 21st acm sigkdd international conference on knowledge discovery and data mining, 269-278</td></tr><tr><td>Year:</td><td>2015</td></tr></table>",https://doi.org/10.1145/2783258.2783294,-0.8923,0.5193,1,30,53,46,2.2,2015,46,2.2
220,clark (2016),"<table><tr><td>Authors:</td><td>clark, eric m.; williams, jake ryland; jones, chris a.; galbraith, richard a.; danforth, christopher m.; dodds, peter sheridan</td></tr><tr><td>Title:</td><td>sifting robotic from organic text: a natural language approach for detecting automation on twitter</td></tr><tr><td>Source:</td><td>journal of computational science, 16, 1-7</td></tr><tr><td>Year:</td><td>2016</td></tr></table>",https://doi.org/10.1016/j.jocs.2015.11.002,-0.5349,0.3541,2,54,76,46,1.2398,2016,46,1.2398
222,keller (2019),"<table><tr><td>Authors:</td><td>keller, tobias r.; klinger, ulrike</td></tr><tr><td>Title:</td><td>social bots in election campaigns: theoretical, empirical, and methodological implications</td></tr><tr><td>Source:</td><td>political communication, 36(1), 171-189</td></tr><tr><td>Year:</td><td>2019</td></tr></table>",https://doi.org/10.1080/10584609.2018.1526238,0.0276,-0.3771,3,92,253,47,4.6345,2019,47,4.6345
44,grimme (2017),"<table><tr><td>Authors:</td><td>grimme, christian; preuss, mike; adam, lena; trautmann, heike</td></tr><tr><td>Title:</td><td>social bots: human-like by means of human control?</td></tr><tr><td>Source:</td><td>big data, 5(4), 279-293</td></tr><tr><td>Year:</td><td>2017</td></tr></table>",https://doi.org/10.1089/big.2017.0044,-0.0684,-0.2976,5,78,131,50,3.6212,2017,50,3.6212
90,stukal (2017),"<table><tr><td>Authors:</td><td>stukal, denis; sanovich, sergey; bonneau, richard; tucker, joshua a.</td></tr><tr><td>Title:</td><td>detecting bots on russian political twitter</td></tr><tr><td>Source:</td><td>big data, 5(4), 310-324</td></tr><tr><td>Year:</td><td>2017</td></tr></table>",https://doi.org/10.1089/big.2017.0038,152,0.4733,2,80,166,53,3.8384,2017,53,3.8384
198,ross (2019),"<table><tr><td>Authors:</td><td>ross, bjoern; pilz, laura; cabrera, benjamin; brachten, florian; neubaum, german; stieglitz, stefan</td></tr><tr><td>Title:</td><td>are social bots a real threat? an agent-based model of the spiral of silence to analyse the impact of manipulative actors in social networks</td></tr><tr><td>Source:</td><td>european journal of information systems, 28(4), 394-412</td></tr><tr><td>Year:</td><td>2019</td></tr></table>",https://doi.org/10.1080/0960085x.2018.1560920,-0.1737,-0.6197,6,94,233,53,5.2262,2019,53,5.2262
240,lin (2016),"<table><tr><td>Authors:</td><td>lin, bin; zagalsky, alexey; storey, margaret-anne; serebrenik, alexander</td></tr><tr><td>Title:</td><td>why developers are slacking off: understanding how software teams use slack</td></tr><tr><td>Source:</td><td>proceedings of the 19th acm conference on computer supported cooperative work and social computing companion, 333-336</td></tr><tr><td>Year:</td><td>2016</td></tr></table>",https://doi.org/10.1145/2818052.2869117,-1.2584,0.2439,1,1,2,57,1.5362,2016,57,1.5362
146,keller (2020),"<table><tr><td>Authors:</td><td>keller, franziska b.; schoch, david; stier, sebastian; yang, junghwan</td></tr><tr><td>Title:</td><td>political astroturfing on twitter: how to coordinate a disinformation campaign</td></tr><tr><td>Source:</td><td>political communication, 37(2), 256-280</td></tr><tr><td>Year:</td><td>2020</td></tr></table>",https://doi.org/10.1080/10584609.2019.1661888,0.5474,-0.1725,4,73,139,60,8.1319,2020,60,8.1319
89,woolley (2016),"<table><tr><td>Authors:</td><td>woolley, samuel c.; howard, philip n.</td></tr><tr><td>Title:</td><td>political communication, computational propaganda, and autonomous agents</td></tr><tr><td>Source:</td><td>international journal of communication, 10, 4882-4890</td></tr><tr><td>Year:</td><td>2016</td></tr></table>",,-1067,-0.2492,7,13,28,73,1.9675,2016,73,1.9675
58,morstatter (2016a),"<table><tr><td>Authors:</td><td>morstatter, fred; wu, liang; nazer, tahora h.; carley, kathleen m.; liu, huan</td></tr><tr><td>Title:</td><td>a new approach to bot detection: striking the balance between precision and recall</td></tr><tr><td>Source:</td><td>proceedings of the 2016 ieee/acm international conference on advances in social networks analysis and mining asonam 2016, 533-540</td></tr><tr><td>Year:</td><td>2016</td></tr></table>",,-0.5611,0.4728,1,57,101,74,1.9944,2016,74,1.9944
75,lokot (2016),"<table><tr><td>Authors:</td><td>lokot, tetyana; diakopoulos, nicholas</td></tr><tr><td>Title:</td><td>automating news and information dissemination on twitter</td></tr><tr><td>Source:</td><td>digital journalism, 4(6), 682-699</td></tr><tr><td>Year:</td><td>2016</td></tr></table>",https://doi.org/10.1080/21670811.2015.1081822,-0.2926,49,1,67,128,86,2.3178,2016,86,2.3178
50,badawy (2018),"<table><tr><td>Authors:</td><td>badawy, adam; ferrara, emilio; lerman, kristina</td></tr><tr><td>Title:</td><td>analyzing the digital traces of political manipulation: the 2016 russian interference twitter campaign</td></tr><tr><td>Source:</td><td>2018 ieee/acm international conference on advances in social networks analysis and mining (asonam), 258-265</td></tr><tr><td>Year:</td><td>2018</td></tr></table>",,0.5051,-0.2116,5,89,288,88,6.8299,2018,88,6.8299
274,chavoshi (2016),"<table><tr><td>Authors:</td><td>chavoshi, nikan; hamooni, hossein; mueen, abdullah</td></tr><tr><td>Title:</td><td>debot: twitter bot detection via warped correlation</td></tr><tr><td>Source:</td><td>2016 ieee 16th international conference on data mining (icdm), 817-822</td></tr><tr><td>Year:</td><td>2016</td></tr></table>",https://doi.org/10.1109/icdm.2016.86,-0.2998,0.4876,2,29,32,91,2.4526,2016,91,2.4526
45,howard (2018),"<table><tr><td>Authors:</td><td>howard, philip n.; woolley, samuel; calo, ryan</td></tr><tr><td>Title:</td><td>algorithms, bots, and political communication in the us 2016 election: the challenge of automated political communication for election law and administration</td></tr><tr><td>Source:</td><td>journal of information technology & politics, 15(2), 81-93</td></tr><tr><td>Year:</td><td>2018</td></tr></table>",https://doi.org/10.1080/19331681.2018.1448735,-0.4222,-0.0391,2,66,99,92,7.1403,2018,92,7.1403
219,abokhodair (2015),"<table><tr><td>Authors:</td><td>abokhodair, norah; yoo, daisy; mcdonald, david w.</td></tr><tr><td>Title:</td><td>dissecting a social botnet: growth, content and influence in twitter</td></tr><tr><td>Source:</td><td>proceedings of the 2015 acm international conference on computer-supported cooperative work and social computing (cscw'15), 839-851</td></tr><tr><td>Year:</td><td>2015</td></tr></table>",https://doi.org/10.1145/2675133.2675208,-0.5051,0.1844,6,15,18,100,4.7826,2015,100,4.7826
213,haustein (2016),"<table><tr><td>Authors:</td><td>haustein, stefanie; bowman, timothy d.; holmberg, kim; tsou, andrew; sugimoto, cassidy r.; lariviere, vincent</td></tr><tr><td>Title:</td><td>tweets as impact indicators: examining the implications of automated ""bot"" accounts on twitter</td></tr><tr><td>Source:</td><td>journal of the association for information science and technology, 67(1), 232-238</td></tr><tr><td>Year:</td><td>2016</td></tr></table>",https://doi.org/10.1002/asi.23456,-0.4361,0.4545,2,40,54,111,2.9916,2016,111,2.9916
174,yang (2019b),"<table><tr><td>Authors:</td><td>yang, kai-cheng; varol, onur; davis, clayton a.; ferrara, emilio; flammini, alessandro; menczer, filippo</td></tr><tr><td>Title:</td><td>arming the public with artificial intelligence to counter social bots</td></tr><tr><td>Source:</td><td>human behavior and emerging technologies, 1(1), 48-61</td></tr><tr><td>Year:</td><td>2019</td></tr></table>",https://doi.org/10.1002/hbe2.115,0.3394,0.0972,3,97,421,116,11.4384,2019,116,11.4384
329,ciechanowski (2019),"<table><tr><td>Authors:</td><td>ciechanowski, leon; przegalinska, aleksandra; magnuski, mikolaj; gloor, peter</td></tr><tr><td>Title:</td><td>in the shades of the uncanny valley: an experimental study of human-chatbot interaction</td></tr><tr><td>Source:</td><td>future generation computer systems-the international journal of escience, 92, 539-548</td></tr><tr><td>Year:</td><td>2019</td></tr></table>",https://doi.org/10.1016/j.future.2018.01.055,-0.5526,-0.7029,6,8,8,120,11.8328,2019,120,11.8328
340,edwards (2014),"<table><tr><td>Authors:</td><td>edwards, chad; edwards, autumn; spence, patric r.; shelton, ashleigh k.</td></tr><tr><td>Title:</td><td>is that a bot running the social media feed? testing the differences in perceptions of communication quality for a human agent and a bot agent on twitter</td></tr><tr><td>Source:</td><td>computers in human behavior, 33, 372-376</td></tr><tr><td>Year:</td><td>2014</td></tr></table>",https://doi.org/10.1016/j.chb.2013.08.013,-1268,-0.1174,7,34,43,122,3.0311,2014,122,3.0311
41,kudugunta (2018),"<table><tr><td>Authors:</td><td>kudugunta, sneha; ferrara, emilio</td></tr><tr><td>Title:</td><td>deep neural networks for bot detection</td></tr><tr><td>Source:</td><td>information sciences, 467, 312-322</td></tr><tr><td>Year:</td><td>2018</td></tr></table>",https://doi.org/10.1016/j.ins.2018.08.019,0.3377,0.2255,5,94,323,124,9.6239,2018,124,9.6239
117,bastos (2019),"<table><tr><td>Authors:</td><td>bastos, marco t.; mercea, dan</td></tr><tr><td>Title:</td><td>the brexit botnet and user-generated hyperpartisan news</td></tr><tr><td>Source:</td><td>social science computer review, 37(1), 38-54</td></tr><tr><td>Year:</td><td>2019</td></tr></table>",https://doi.org/10.1177/0894439317734157,0.1436,-0.0899,5,73,119,128,12.6217,2019,128,12.6217
382,crampton (2013),"<table><tr><td>Authors:</td><td>crampton, jeremy w.; graham, mark; poorthuis, ate; shelton, taylor; stephens, monica; wilson, matthew w.; zook, matthew</td></tr><tr><td>Title:</td><td>beyond the geotag: situating 'big data' and leveraging the potential of the geoweb</td></tr><tr><td>Source:</td><td>cartography and geographic information science, 40(2), 130-139</td></tr><tr><td>Year:</td><td>2013</td></tr></table>",https://doi.org/10.1080/15230406.2013.777137,-0.8481,0.3605,1,27,29,211,3.1729,2013,211,3.1729
61,davis (2016),"<table><tr><td>Authors:</td><td>davis, clayton a.; varol, onur; ferrara, emilio; flammini, alessandro; menczer, filippo</td></tr><tr><td>Title:</td><td>botornot: a system to evaluate social bots</td></tr><tr><td>Source:</td><td>proceedings of the 25th international conference on world wide web (www'16 companion), 273-274</td></tr><tr><td>Year:</td><td>2016</td></tr></table>",https://doi.org/10.1145/2872518.2889302,0.4623,0.3698,5,68,109,309,8.3281,2016,309,8.3281
